Department Name,Year,Total Male Number,Total Female Number,Male Change,Male Percentage Change,Female Percentage Change,Quota,Preferred number,Placed Number,Professors,Phd,Assoc Prof,Quota Change,Quota Change (%),Preferred number Change,Preferred number Change (%),Placed number Change,Placed number Change (%),Professors Change,Professors Change (%),Phd Change,Phd Change (%),Assoc prof Change,Assoc prof Change (%),Base Point,Success Order,Total Correct TYT,Total Correct AYT,Total Correct YDT,Base Point Change,Success Order Change,Total Correct TYT Change,Total Correct AYT Change,Total Correct YDT Change,Base Point Change (%),Success Order Change (%),Total Correct TYT Change (%),Total Correct AYT Change (%),Total Correct YDT Change (%)
Architecture,2021,465,645,0.0,0.0,0.0,134,2578,134,15,23,21,,,,,,,,,,,,,382.28501,58814,72.4,47.7,0.0,,,,,,,,,,
Architecture,2022,422,733,88.0,-9.247311827956995,13.643410852713188,134,2057,134,13,21,22,0.0,0.0,-521.0,-20.209464701318847,0.0,0.0,-2.0,-13.33333333333333,-2.0,-8.695652173913048,1.0,4.761904761904767,396.07043,46853,75.7,49.3,0.0,,,,,,,,,,
Architecture,2023,341,684,-49.0,-19.194312796208536,-6.684856753069579,134,1783,134,16,16,22,0.0,0.0,-274.0,-13.32036947010209,0.0,0.0,3.0,23.076923076923084,-5.0,-23.809523809523814,0.0,0.0,306.95984,94818,43.2,39.9,0.0,,,,,,,,,,
Architecture,2024,341,684,0.0,0.0,0.0,103,1716,103,16,16,22,-31.0,-23.134328358208954,-67.0,-3.7577117218171585,-31.0,-23.134328358208954,0.0,0.0,0.0,0.0,0.0,0.0,351.3801,90344,68.3,40.2,0.0,,,,,,,,,,
Architecture (English),2021,162,262,0.0,0.0,0.0,72,1890,72,15,23,21,,,,,,,,,,,,,364.66632,76044,72.5,43.1,0.0,,,,,,,,,,
Architecture (English),2022,190,357,95.0,17.28395061728396,36.25954198473282,72,1491,72,13,21,22,0.0,0.0,-399.0,-21.111111111111114,0.0,0.0,-2.0,-13.33333333333333,-2.0,-8.695652173913048,1.0,4.761904761904767,363.88031,76869,68.6,44.6,0.0,,,,,,,,,,
Architecture (English),2023,180,371,14.0,-5.263157894736848,3.9215686274509887,72,1159,72,16,16,22,0.0,0.0,-332.0,-22.266934942991277,0.0,0.0,3.0,23.076923076923084,-5.0,-23.809523809523814,0.0,0.0,317.34775,106525,55.3,33.6,0.0,,,,,,,,,,
Architecture (English),2024,180,371,0.0,0.0,0.0,72,1140,72,16,16,22,0.0,0.0,-19.0,-1.6393442622950838,0.0,0.0,0.0,0.0,0.0,0.0,0.0,0.0,350.75266,47122,61.3,40.5,0.0,,,,,,,,,,
Art and Culture Management,2021,26,36,0.0,0.0,0.0,62,508,62,2,7,6,,,,,,,,,,,,,384.72075,56591,73.9,47.6,0.0,,,,,,,,,,
Art and Culture Management,2022,73,119,83.0,180.76923076923075,230.55555555555554,62,1007,62,6,9,4,0.0,0.0,499.0,98.22834645669292,0.0,0.0,4.0,200.0,2.0,28.57142857142858,-2.0,-33.333333333333336,396.4328,46546,76.2,49.8,0.0,,,,,,,,,,
Art and Culture Management,2023,107,155,36.0,46.57534246575344,30.252100840336137,64,718,64,6,7,10,2.0,3.2258064516129004,-289.0,-28.69910625620655,2.0,3.2258064516129004,0.0,0.0,-2.0,-22.22222222222222,6.0,150.0,310.79958,144820,60.6,33.3,0.0,,,,,,,,,,
Art and Culture Management,2024,107,155,0.0,0.0,0.0,67,753,67,6,7,10,3.0,4.6875,35.0,4.874651810584951,3.0,4.6875,0.0,0.0,0.0,0.0,0.0,0.0,343.29233,99871,67.5,39.9,0.0,,,,,,,,,,
Bioengineering,2021,84,319,0.0,0.0,0.0,72,1206,72,6,5,2,,,,,,,,,,,,,340.19986,103582,64.7,39.2,0.0,,,,,,,,,,
Bioengineering,2022,109,367,48.0,29.761904761904766,15.047021943573657,72,1410,72,6,5,5,0.0,0.0,204.0,16.915422885572127,0.0,0.0,0.0,0.0,0.0,0.0,3.0,150.0,359.61889,81206,67.9,42.7,0.0,,,,,,,,,,
Bioengineering,2023,106,341,-26.0,-2.752293577981646,-7.0844686648501405,72,1190,72,11,2,7,0.0,0.0,-220.0,-15.602836879432624,0.0,0.0,5.0,83.33333333333333,-3.0,-60.0,2.0,39.99999999999999,368.59681,12737,51.7,52.9,0.0,,,,,,,,,,
Bioengineering,2024,106,341,0.0,0.0,0.0,72,1182,72,11,2,7,0.0,0.0,-8.0,-0.6722689075630228,0.0,0.0,0.0,0.0,0.0,0.0,0.0,0.0,276.47105,213618,54.7,26.5,0.0,,,,,,,,,,
Bioengineering (English),2021,111,307,0.0,0.0,0.0,62,1477,62,6,5,2,,,,,,,,,,,,,459.86273,8476,87.5,64.0,0.0,,,,,,,,,,
Bioengineering (English),2022,118,350,43.0,6.3063063063063085,14.006514657980462,62,1642,62,6,5,5,0.0,0.0,165.0,11.17129316181449,0.0,0.0,0.0,0.0,0.0,0.0,3.0,150.0,255.9159,343115,46.4,22.6,0.0,,,,,,,,,,
Bioengineering (English),2023,113,333,-17.0,-4.23728813559322,-4.857142857142859,62,1385,62,11,2,7,0.0,0.0,-257.0,-15.651644336175396,0.0,0.0,5.0,83.33333333333333,-3.0,-60.0,2.0,39.99999999999999,402.59571,41341,76.5,51.6,0.0,,,,,,,,,,
Bioengineering (English),2024,113,333,0.0,0.0,0.0,62,1323,62,11,2,7,0.0,0.0,-62.0,-4.476534296028878,0.0,0.0,0.0,0.0,0.0,0.0,0.0,0.0,411.82375,34091,78.8,53.9,0.0,,,,,,,,,,
Biomedical Engineering (English),2021,105,143,0.0,0.0,0.0,72,960,72,0,4,1,,,,,,,,,,,,,353.46014,43517,61.8,42.2,0.0,,,,,,,,,,
Biomedical Engineering (English),2022,191,243,100.0,81.9047619047619,69.93006993006993,72,1013,72,0,4,3,0.0,0.0,53.0,5.52083333333333,0.0,0.0,0.0,,0.0,0.0,2.0,200.0,390.1278,51756,74.4,49.5,0.0,,,,,,,,,,
Biomedical Engineering (English),2023,208,271,28.0,8.900523560209429,11.522633744855959,72,1032,72,2,2,4,0.0,0.0,19.0,1.875616979269501,0.0,0.0,2.0,inf,-2.0,-50.0,1.0,33.33333333333333,423.51815,26123,81.1,57.1,0.0,,,,,,,,,,
Biomedical Engineering (English),2024,208,271,0.0,0.0,0.0,62,1212,62,2,2,4,-10.0,-13.888888888888884,180.0,17.44186046511629,-10.0,-13.888888888888884,0.0,0.0,0.0,0.0,0.0,0.0,373.52762,67138,69.8,46.1,0.0,,,,,,,,,,
Business Administration,2021,279,245,0.0,0.0,0.0,93,1915,93,12,12,11,,,,,,,,,,,,,423.06777,7641,57.7,0.0,73.3,,,,,,,,,,
Business Administration,2022,307,242,-3.0,10.035842293906816,-1.224489795918371,93,2545,93,15,12,8,0.0,0.0,630.0,32.8981723237598,0.0,0.0,3.0,25.0,0.0,0.0,-3.0,-27.27272727272727,315.97147,136596,61.7,33.5,0.0,,,,,,,,,,
Business Administration,2023,296,260,18.0,-3.583061889250816,7.438016528925617,96,1964,96,19,13,6,3.0,3.2258064516129004,-581.0,-22.829076620825152,3.0,3.2258064516129004,4.0,26.66666666666666,1.0,8.333333333333325,-2.0,-25.0,332.56982,113046,65.8,36.8,0.0,,,,,,,,,,
Business Administration,2024,296,260,0.0,0.0,0.0,103,2903,103,19,13,6,7.0,7.291666666666674,939.0,47.81059063136457,7.0,7.291666666666674,0.0,0.0,0.0,0.0,0.0,0.0,388.76072,15602,48.0,0.0,67.9,,,,,,,,,,
Business Administration (English),2021,104,69,0.0,0.0,0.0,52,1836,52,12,12,11,,,,,,,,,,,,,284.89579,193949,53.7,28.1,0.0,,,,,,,,,,
Business Administration (English),2022,181,143,74.0,74.03846153846155,107.24637681159419,52,2175,52,15,12,8,0.0,0.0,339.0,18.4640522875817,0.0,0.0,3.0,25.0,0.0,0.0,-3.0,-27.27272727272727,336.12441,69183,57.8,38.1,0.0,,,,,,,,,,
Business Administration (English),2023,208,171,28.0,14.917127071823199,19.580419580419584,54,1944,52,19,13,6,2.0,3.8461538461538547,-231.0,-10.620689655172411,0.0,0.0,4.0,26.66666666666666,1.0,8.333333333333325,-2.0,-25.0,426.70036,24127,81.1,56.9,0.0,,,,,,,,,,
Business Administration (English),2024,208,171,0.0,0.0,0.0,62,2547,62,19,13,6,8.0,14.814814814814813,603.0,31.018518518518512,10.0,19.23076923076923,0.0,0.0,0.0,0.0,0.0,0.0,439.38869,16841,84.2,59.6,0.0,,,,,,,,,,
Chemical Engineering,2021,147,377,0.0,0.0,0.0,82,1463,82,7,12,8,,,,,,,,,,,,,351.49049,90209,66.5,41.5,0.0,,,,,,,,,,
Chemical Engineering,2022,156,398,21.0,6.1224489795918435,5.57029177718833,82,1597,82,8,10,9,0.0,0.0,134.0,9.159261790840745,0.0,0.0,1.0,14.28571428571428,-2.0,-16.666666666666664,1.0,12.5,400.43601,43145,75.5,51.2,0.0,,,,,,,,,,
Chemical Engineering,2023,157,367,-31.0,0.6410256410256387,-7.788944723618085,82,1758,82,12,7,8,0.0,0.0,161.0,10.081402629931112,0.0,0.0,4.0,50.0,-3.0,-30.000000000000004,-1.0,-11.111111111111116,411.22322,34558,78.7,54.1,0.0,,,,,,,,,,
Chemical Engineering,2024,157,367,0.0,0.0,0.0,52,1874,52,12,7,8,-30.0,-36.58536585365854,116.0,6.59840728100114,-30.0,-36.58536585365854,0.0,0.0,0.0,0.0,0.0,0.0,0.0,0,0.0,0.0,0.0,,,,,,,,,,
Chemical Engineering (English),2021,143,277,0.0,0.0,0.0,72,1730,72,7,12,8,,,,,,,,,,,,,342.29089,101109,65.8,40.8,0.0,,,,,,,,,,
Chemical Engineering (English),2022,176,304,27.0,23.076923076923084,9.747292418772568,72,1854,72,8,10,9,0.0,0.0,124.0,7.167630057803476,0.0,0.0,1.0,14.28571428571428,-2.0,-16.666666666666664,1.0,12.5,403.56465,40592,76.0,53.3,0.0,,,,,,,,,,
Chemical Engineering (English),2023,176,311,7.0,0.0,2.3026315789473673,72,1716,72,12,7,8,0.0,0.0,-138.0,-7.443365695792881,0.0,0.0,4.0,50.0,-3.0,-30.000000000000004,-1.0,-11.111111111111116,407.87074,37160,75.4,54.0,0.0,,,,,,,,,,
Chemical Engineering (English),2024,176,311,0.0,0.0,0.0,52,1505,52,12,7,8,-20.0,-27.77777777777778,-211.0,-12.296037296037298,-20.0,-27.77777777777778,0.0,0.0,0.0,0.0,0.0,0.0,420.44845,28160,78.7,55.7,0.0,,,,,,,,,,
Chemistry,2021,144,495,0.0,0.0,0.0,103,1227,103,28,5,12,,,,,,,,,,,,,0.0,0,0.0,0.0,0.0,,,,,,,,,,
Chemistry,2022,131,485,-10.0,-9.027777777777779,-2.020202020202022,103,1792,103,32,3,10,0.0,0.0,565.0,46.04726976365119,0.0,0.0,4.0,14.28571428571428,-2.0,-40.0,-2.0,-16.666666666666664,367.43441,73218,71.4,44.4,0.0,,,,,,,,,,
Chemistry,2023,125,469,-16.0,-4.580152671755721,-3.298969072164948,106,1618,103,40,8,9,3.0,2.9126213592232997,-174.0,-9.70982142857143,0.0,0.0,8.0,25.0,5.0,166.66666666666666,-1.0,-9.999999999999998,385.42349,55952,74.3,48.2,0.0,,,,,,,,,,
Chemistry,2024,125,469,0.0,0.0,0.0,62,1312,62,40,8,9,-44.0,-41.509433962264154,-306.0,-18.912237330037087,-41.0,-39.80582524271845,0.0,0.0,0.0,0.0,0.0,0.0,380.79571,60177,75.3,46.8,0.0,,,,,,,,,,
Chemistry (English),2021,69,149,0.0,0.0,0.0,52,972,52,28,5,12,,,,,,,,,,,,,384.24844,57003,73.0,49.2,0.0,,,,,,,,,,
Chemistry (English),2022,81,181,32.0,17.391304347826097,21.476510067114084,52,1277,52,32,3,10,0.0,0.0,305.0,31.378600823045268,0.0,0.0,4.0,14.28571428571428,-2.0,-40.0,-2.0,-16.666666666666664,317.91073,69941,47.6,42.3,0.0,,,,,,,,,,
Chemistry (English),2023,79,207,26.0,-2.4691358024691357,14.36464088397791,54,1183,52,40,8,9,2.0,3.8461538461538547,-94.0,-7.361002349256074,0.0,0.0,8.0,25.0,5.0,166.66666666666666,-1.0,-9.999999999999998,271.41914,226256,54.2,25.0,0.0,,,,,,,,,,
Chemistry (English),2024,79,207,0.0,0.0,0.0,41,910,41,40,8,9,-13.0,-24.07407407407407,-273.0,-23.076923076923073,-11.0,-21.153846153846157,0.0,0.0,0.0,0.0,0.0,0.0,302.35253,144555,52.3,31.0,0.0,,,,,,,,,,
Civil Engineering,2021,899,125,0.0,0.0,0.0,134,1278,134,15,23,17,,,,,,,,,,,,,369.81961,12129,49.7,54.4,0.0,,,,,,,,,,
Civil Engineering,2022,801,150,25.0,-10.901001112347053,19.999999999999996,134,1858,134,19,21,16,0.0,0.0,580.0,45.38341158059469,0.0,0.0,4.0,26.66666666666666,-2.0,-8.695652173913048,-1.0,-5.882352941176472,331.41204,77529,55.2,38.7,0.0,,,,,,,,,,
Civil Engineering,2023,724,141,-9.0,-9.612983770287142,-6.000000000000005,134,1721,134,26,23,14,0.0,0.0,-137.0,-7.373519913885895,0.0,0.0,7.0,36.8421052631579,2.0,9.523809523809534,-2.0,-12.5,300.08087,163366,56.8,31.6,0.0,,,,,,,,,,
Civil Engineering,2024,724,141,0.0,0.0,0.0,82,1880,82,26,23,14,-52.0,-38.80597014925373,159.0,9.238814642649618,-52.0,-38.80597014925373,0.0,0.0,0.0,0.0,0.0,0.0,340.32209,35152,44.0,48.4,0.0,,,,,,,,,,
Civil Engineering (English),2021,324,32,0.0,0.0,0.0,62,933,62,15,23,17,,,,,,,,,,,,,310.7446,144907,60.6,34.0,0.0,,,,,,,,,,
Civil Engineering (English),2022,356,45,13.0,9.876543209876543,40.625,62,1414,62,19,21,16,0.0,0.0,481.0,51.554126473740624,0.0,0.0,4.0,26.66666666666666,-2.0,-8.695652173913048,-1.0,-5.882352941176472,371.84068,11209,51.0,56.5,0.0,,,,,,,,,,
Civil Engineering (English),2023,348,58,13.0,-2.2471910112359605,28.888888888888896,62,1306,62,26,23,14,0.0,0.0,-108.0,-7.637906647807635,0.0,0.0,7.0,36.8421052631579,2.0,9.523809523809534,-2.0,-12.5,323.21204,59860,43.6,43.3,0.0,,,,,,,,,,
Civil Engineering (English),2024,348,58,0.0,0.0,0.0,41,1278,41,26,23,14,-21.0,-33.87096774193549,-28.0,-2.143950995405819,-21.0,-33.87096774193549,0.0,0.0,0.0,0.0,0.0,0.0,273.88699,220116,52.8,24.2,0.0,,,,,,,,,,
Communication and Design,2021,27,39,0.0,0.0,0.0,62,660,62,0,2,0,,,,,,,,,,,,,441.45306,64251,87.9,57.6,0.0,59.168049999999994,5437.0,15.5,9.899999999999999,0.0,15.477470591902097,9.244397592409982,21.40883977900552,20.75471698113207,
Communication and Design,2022,82,153,114.0,203.70370370370372,292.30769230769226,62,979,62,0,2,1,0.0,0.0,319.0,48.33333333333334,0.0,0.0,0.0,,0.0,0.0,1.0,inf,460.672,47436,91.8,60.8,0.0,64.60157000000004,583.0,16.099999999999994,11.5,0.0,16.310626875124214,1.24431733293493,21.268163804491415,23.326572008113587,
Communication and Design,2023,105,218,65.0,28.04878048780488,42.48366013071896,64,811,64,1,2,1,2.0,3.2258064516129004,-168.0,-17.16036772216547,2.0,3.2258064516129004,1.0,inf,0.0,0.0,0.0,0.0,363.77832,75530,49.7,47.4,0.0,56.81848000000002,-19288.0,6.5,7.5,0.0,18.510069590862454,-20.342129131599485,15.046296296296301,18.796992481203013,
Communication and Design,2024,105,218,0.0,0.0,0.0,67,894,67,1,2,1,3.0,4.6875,83.0,10.234278668310726,3.0,4.6875,0.0,0.0,0.0,0.0,0.0,0.0,425.8154,78936,82.3,53.3,0.0,74.43529999999998,-11408.0,14.0,13.099999999999994,0.0,21.183698223092318,-12.627291242362526,20.497803806735003,32.5870646766169,
Computer Education and Instructional Technology,2021,178,99,0.0,0.0,0.0,41,325,41,1,4,1,,,,,,,,,,,,,438.4998,66934,88.8,55.5,0.0,73.83348000000001,-9110.0,16.299999999999997,12.399999999999999,0.0,20.24686019811208,-11.979906369996318,22.482758620689648,28.770301624129925,
Computer Education and Instructional Technology,2022,186,88,-11.0,4.494382022471921,-11.111111111111116,41,525,41,1,3,0,0.0,0.0,200.0,61.53846153846154,0.0,0.0,0.0,0.0,-1.0,-25.0,-1.0,-100.0,430.24605,74608,86.0,54.2,0.0,66.36574000000002,-2261.0,17.400000000000006,9.600000000000001,0.0,18.23834326182694,-2.94136778155043,25.364431486880477,21.52466367713004,
Computer Education and Instructional Technology,2023,175,87,-1.0,-5.913978494623651,-1.1363636363636354,41,588,41,1,1,2,0.0,0.0,63.0,12.00000000000001,0.0,0.0,0.0,0.0,-2.0,-66.66666666666667,2.0,inf,386.94577,82578,68.7,45.2,0.0,69.59801999999996,-23947.0,13.400000000000006,11.600000000000001,0.0,21.931152812647948,-22.480168974419147,24.23146473779387,34.52380952380953,
Computer Education and Instructional Technology,2024,175,87,0.0,0.0,0.0,47,461,47,1,1,2,6.0,14.634146341463406,-127.0,-21.59863945578231,6.0,14.634146341463406,0.0,0.0,0.0,0.0,0.0,0.0,421.56486,25731,79.7,52.2,0.0,70.81220000000002,-21391.0,18.400000000000006,11.700000000000003,0.0,20.18864233274811,-45.39493230338271,30.016313213703107,28.888888888888896,
Computer Engineering,2021,769,121,0.0,0.0,0.0,103,3542,103,5,10,5,,,,,,,,,,,,,458.24052,49462,89.8,61.5,0.0,73.51977,-7129.0,15.899999999999991,13.899999999999999,0.0,19.109905041513887,-12.597409482073118,21.515561569688746,29.201680672268893,
Computer Engineering,2022,827,140,19.0,7.542262678803646,15.702479338842966,103,4594,103,7,10,5,0.0,0.0,1052.0,29.70073404856013,0.0,0.0,2.0,39.99999999999999,0.0,0.0,0.0,0.0,471.4217,38518,93.4,64.4,0.0,74.9889,-8028.0,17.200000000000003,14.600000000000009,0.0,18.915917149135986,-17.2474541313969,22.572178477690287,29.31726907630523,
Computer Engineering,2023,771,128,-12.0,-6.771463119709797,-8.571428571428575,113,2872,113,8,8,4,10.0,9.708737864077666,-1722.0,-37.48367435785808,10.0,9.708737864077666,1.0,14.28571428571428,-2.0,-19.999999999999996,-1.0,-19.999999999999996,391.70909,115672,77.0,45.6,0.0,80.90951000000001,-29148.0,16.4,12.300000000000004,0.0,26.032696054479864,-20.127054274271504,27.062706270627057,36.93693693693696,
Computer Engineering,2024,771,128,0.0,0.0,0.0,118,3008,118,8,8,4,5.0,4.424778761061954,136.0,4.73537604456824,5.0,4.424778761061954,0.0,0.0,0.0,0.0,0.0,0.0,420.75938,83970,83.8,53.1,0.0,77.46705000000003,-15901.0,16.299999999999997,13.200000000000003,0.0,22.56591343010781,-15.921538785032697,24.14814814814814,33.08270676691729,
Conservation and Restoration of Cultural Property,2021,40,58,0.0,0.0,0.0,41,283,41,0,3,1,,,,,,,,,,,,,409.17894,96062,79.8,50.7,0.0,68.97908000000001,-7520.0,15.099999999999994,11.5,0.0,20.276045968978362,-7.259948639725044,23.33848531684697,29.336734693877542,
Conservation and Restoration of Cultural Property,2022,76,104,46.0,89.99999999999999,79.3103448275862,41,866,41,0,3,1,0.0,0.0,583.0,206.00706713780917,0.0,0.0,0.0,,0.0,0.0,0.0,0.0,430.37237,74506,84.9,54.3,0.0,70.75347999999997,-6700.0,17.0,11.599999999999994,0.0,19.67457271223989,-8.250621875230891,25.03681885125184,27.1662763466042,
Conservation and Restoration of Cultural Property,2023,88,130,26.0,15.789473684210531,25.0,42,648,42,1,2,2,1.0,2.4390243902439046,-218.0,-25.17321016166282,1.0,2.4390243902439046,1.0,inf,-1.0,-33.333333333333336,1.0,100.0,418.17482,10696,62.0,58.6,0.0,49.578010000000006,-2041.0,10.299999999999997,5.700000000000003,0.0,13.450471804137432,-16.02418151841093,19.92263056092842,10.775047258979221,
Conservation and Restoration of Cultural Property,2024,88,130,0.0,0.0,0.0,47,614,47,1,2,2,5.0,11.904761904761907,-34.0,-5.246913580246915,5.0,11.904761904761907,0.0,0.0,0.0,0.0,0.0,0.0,347.21119,180953,70.7,36.5,0.0,70.74014,-32665.0,16.0,10.0,0.0,25.58681641350875,-15.29131440234437,29.250457038391218,37.73584905660377,
Conservation and Restoration of Cultural Property (TRNC Citizens),2023,0,0,0.0,0.0,0.0,1,1,0,1,2,2,,,,,,,,,,,,,524.01624,5056,106.4,75.3,0.0,64.15351000000004,-3420.0,18.900000000000006,11.299999999999997,0.0,13.950578251905753,-40.34922133081642,21.599999999999998,17.656249999999996,
Conservation and Restoration of Cultural Property (TRNC Citizens),2024,0,0,0.0,0.0,0.0,1,3,0,1,2,2,0.0,0.0,2.0,200.0,0.0,,0.0,0.0,0.0,0.0,0.0,0.0,316.8176,311440,56.1,28.6,0.0,60.901700000000034,-31675.0,9.700000000000003,6.0,0.0,23.79754442768114,-9.231598735117963,20.905172413793103,26.54867256637168,
Control and Automation Engineering,2021,414,60,0.0,0.0,0.0,72,861,72,1,6,3,,,,,,,,,,,,,478.91417,32598,95.4,65.8,0.0,76.31846000000002,-8743.0,18.900000000000006,14.199999999999996,0.0,18.95660040689455,-21.148496649814952,24.705882352941178,27.51937984496122,
Control and Automation Engineering,2022,450,79,19.0,8.695652173913038,31.666666666666664,72,1207,72,2,6,2,0.0,0.0,346.0,40.185830429732874,0.0,0.0,1.0,100.0,0.0,0.0,-1.0,-33.333333333333336,488.61562,25266,98.6,67.8,0.0,76.79186999999996,-8825.0,19.799999999999997,13.899999999999999,0.0,18.646780327749426,-25.88659763573964,25.126903553299496,25.788497217068638,
Control and Automation Engineering,2023,417,88,9.0,-7.333333333333336,11.392405063291132,72,1719,72,2,7,5,0.0,0.0,512.0,42.41922120961061,0.0,0.0,0.0,0.0,1.0,16.666666666666675,3.0,150.0,422.68794,24514,77.5,53.9,0.0,69.2278,-19003.0,15.700000000000003,11.699999999999996,0.0,19.585744519877114,-43.66799181928901,25.404530744336572,27.725118483412302,
Control and Automation Engineering,2024,417,88,0.0,0.0,0.0,77,1995,77,2,7,5,5.0,6.944444444444442,276.0,16.055846422338572,5.0,6.944444444444442,0.0,0.0,0.0,0.0,0.0,0.0,462.07905,46178,91.3,63.1,0.0,71.95125000000002,-5578.0,16.89999999999999,13.600000000000001,0.0,18.442994834000558,-10.777494396784915,22.71505376344085,27.474747474747474,
Control and Automation Engineering (English),2021,311,61,0.0,0.0,0.0,52,957,52,1,6,3,,,,,,,,,,,,,497.21067,19381,99.3,70.2,0.0,73.69252,-6742.0,18.200000000000003,13.100000000000001,0.0,17.400085450883275,-25.808674348275463,22.44143033292232,22.94220665499125,
Control and Automation Engineering (English),2022,361,80,19.0,16.077170418006425,31.147540983606547,52,1249,52,2,6,2,0.0,0.0,292.0,30.51201671891326,0.0,0.0,1.0,100.0,0.0,0.0,-1.0,-33.333333333333336,437.16823,68151,83.2,57.5,0.0,63.64060999999998,1013.0,13.400000000000006,11.399999999999999,0.0,17.037725349466793,1.5088325538443303,19.19770773638969,24.728850325379614,
Control and Automation Engineering (English),2023,360,86,6.0,-0.27700831024930483,7.499999999999996,52,1669,52,2,7,5,0.0,0.0,420.0,33.626901521216965,0.0,0.0,0.0,0.0,1.0,16.666666666666675,3.0,150.0,457.20061,8075,68.1,0.0,74.8,34.13283999999999,434.0,10.399999999999991,0.0,1.5,8.067936727962044,5.679884831828286,18.024263431542444,,2.046384720327432
Control and Automation Engineering (English),2024,360,86,0.0,0.0,0.0,57,1912,57,2,7,5,5.0,9.615384615384626,243.0,14.559616536848408,5.0,9.615384615384626,0.0,0.0,0.0,0.0,0.0,0.0,390.09546,117624,78.0,45.3,0.0,74.12398999999999,-18972.0,16.299999999999997,11.799999999999997,0.0,23.459076859059458,-13.889132917508562,26.418152350081026,35.22388059701491,
Economics,2023,54,52,0.0,0.0,0.0,106,4822,106,14,8,3,,,,,,,,,,,,,406.61907,98859,80.0,48.7,0.0,74.04925000000003,-14187.0,14.200000000000003,11.900000000000006,0.0,22.265775649756804,-12.549758505387187,21.580547112462,32.336956521739154,
Economics,2024,54,52,0.0,0.0,0.0,103,2829,103,14,8,3,-3.0,-2.8301886792452824,-1993.0,-41.33139776026545,-3.0,-2.8301886792452824,0.0,0.0,0.0,0.0,0.0,0.0,433.33719,13437,62.4,0.0,72.0,44.57647000000003,-2165.0,14.399999999999999,0.0,4.099999999999994,11.46629988749892,-13.876426099218053,30.000000000000004,,6.038291605301915
Economics (English),2021,170,110,0.0,0.0,0.0,52,1188,52,11,10,3,,,,,,,,,,,,,348.89619,177870,71.1,33.9,0.0,64.00040000000001,-16079.0,17.39999999999999,5.799999999999997,0.0,22.464494824581305,-8.290323744902006,32.40223463687148,20.64056939501777,
Economics (English),2022,216,127,17.0,27.058823529411757,15.454545454545453,52,1406,52,0,0,0,0.0,0.0,218.0,18.35016835016836,0.0,0.0,-11.0,-100.0,-10.0,-100.0,-3.0,-100.0,384.62513,87337,67.4,45.6,0.0,48.50072,18154.0,9.600000000000009,7.5,0.0,14.42939535394052,26.240550424237163,16.608996539792397,19.685039370078748,
Economics (English),2023,222,134,7.0,2.777777777777768,5.5118110236220375,54,1645,52,14,8,3,2.0,3.8461538461538547,239.0,16.99857752489331,0.0,0.0,14.0,inf,8.0,inf,3.0,inf,503.12503,15537,101.1,70.8,0.0,76.42466999999999,-8590.0,20.0,13.899999999999999,0.0,17.910617652162287,-35.603266050482866,24.660912453760787,24.42882249560632,
Economics (English),2024,222,134,0.0,0.0,0.0,62,2004,62,14,8,3,8.0,14.814814814814813,359.0,21.82370820668693,10.0,19.23076923076923,0.0,0.0,0.0,0.0,0.0,0.0,510.95328,11027,103.5,72.2,0.0,71.56459000000001,-5814.0,19.299999999999997,12.600000000000001,0.0,16.28730816899271,-34.52289056469331,22.921615201900238,21.140939597315445,
Electrical Engineering,2021,835,112,0.0,0.0,0.0,134,1166,134,7,18,6,,,,,,,,,,,,,429.97242,74874,83.2,55.1,0.0,78.48192999999998,-15335.0,16.700000000000003,13.600000000000001,0.0,22.328322453332937,-16.99941247547362,25.112781954887218,32.77108433734941,
Electrical Engineering,2022,758,132,20.0,-9.221556886227544,17.85714285714286,134,1641,134,8,18,7,0.0,0.0,475.0,40.73756432246998,0.0,0.0,1.0,14.28571428571428,0.0,0.0,1.0,16.666666666666675,482.20758,30017,96.8,66.8,0.0,81.77157,-13128.0,21.299999999999997,15.599999999999994,0.0,20.420633498970275,-30.427627766832778,28.211920529801326,30.46874999999998,
Electrical Engineering,2023,720,137,5.0,-5.013192612137207,3.7878787878787845,134,1894,134,9,14,16,0.0,0.0,253.0,15.4174283973187,0.0,0.0,1.0,12.5,-4.0,-22.22222222222222,9.0,128.57142857142856,496.81636,19614,100.2,70.0,0.0,85.59313999999995,-14944.0,21.5,15.899999999999999,0.0,20.81427697589644,-43.24324324324324,27.318932655654393,29.390018484288348,
Electrical Engineering,2024,720,137,0.0,0.0,0.0,139,2143,139,9,14,16,5.0,3.731343283582089,249.0,13.146779303062296,5.0,3.731343283582089,0.0,0.0,0.0,0.0,0.0,0.0,459.85927,48118,81.2,63.2,0.0,459.85927,48118.0,81.2,63.2,0.0,inf,inf,inf,inf,
Electronics and Communication Engineering,2021,712,102,0.0,0.0,0.0,113,1259,113,7,9,7,,,,,,,,,,,,,419.60663,85092,84.8,54.0,0.0,77.31574,-16017.0,19.0,13.200000000000003,0.0,22.58772940173781,-15.84131976381924,28.875379939209722,32.35294117647061,
Electronics and Communication Engineering,2022,688,109,7.0,-3.3707865168539297,6.8627450980392135,113,1623,113,9,5,9,0.0,0.0,364.0,28.91183478951549,0.0,0.0,2.0,28.57142857142858,-4.0,-44.44444444444444,2.0,28.57142857142858,476.33972,34612,94.7,65.9,0.0,72.77507000000003,-5980.0,18.700000000000003,12.600000000000009,0.0,18.03306359959922,-14.731966890027593,24.60526315789473,23.639774859287076,
Electronics and Communication Engineering,2023,635,107,-2.0,-7.703488372093026,-1.834862385321101,113,1913,113,13,8,7,0.0,0.0,290.0,17.86814540973505,0.0,0.0,4.0,44.44444444444444,3.0,60.00000000000001,-2.0,-22.22222222222222,483.5017,29075,95.7,66.8,0.0,75.63096000000002,-8085.0,20.299999999999997,12.799999999999997,0.0,18.542874637195105,-21.757265877287402,26.923076923076916,23.703703703703695,
Electronics and Communication Engineering,2024,635,107,0.0,0.0,0.0,118,2079,118,13,8,7,5.0,4.424778761061954,166.0,8.677469942498695,5.0,4.424778761061954,0.0,0.0,0.0,0.0,0.0,0.0,494.71871,20973,98.3,69.4,0.0,74.27026000000001,-7187.0,19.599999999999994,13.700000000000003,0.0,17.664534142057132,-25.522017045454547,24.904701397712834,24.59605026929983,
Elementary Mathematics Education,2021,92,225,0.0,0.0,0.0,62,1394,62,1,3,1,,,,,,,,,,,,,425.92744,78831,90.8,46.3,0.0,425.92744,78831.0,90.8,46.3,0.0,inf,inf,inf,inf,
Elementary Mathematics Education,2022,96,248,23.0,4.347826086956519,10.222222222222221,62,1097,62,1,1,3,0.0,0.0,-297.0,-21.30559540889526,0.0,0.0,0.0,0.0,-2.0,-66.66666666666667,2.0,200.0,443.09405,62737,87.4,58.0,0.0,75.65963999999997,-10481.0,16.0,13.600000000000001,0.0,20.59133220538598,-14.314785981589228,22.408963585434183,30.630630630630627,
Elementary Mathematics Education,2023,86,232,-16.0,-10.416666666666663,-6.451612903225811,62,712,62,1,1,3,0.0,0.0,-385.0,-35.09571558796718,0.0,0.0,0.0,0.0,0.0,0.0,0.0,0.0,460.54471,47547,91.0,62.5,0.0,75.12122,-8405.0,16.700000000000003,14.299999999999997,0.0,19.490566078367454,-15.021804403774663,22.476446837146714,29.668049792531104,
Elementary Mathematics Education,2024,86,232,0.0,0.0,0.0,31,354,31,1,1,3,-31.0,-50.0,-358.0,-50.2808988764045,-31.0,-50.0,0.0,0.0,0.0,0.0,0.0,0.0,450.03917,56555,89.6,59.1,0.0,69.24346000000003,-3622.0,14.299999999999997,12.300000000000004,0.0,18.183886577923914,-6.018910879571926,18.990703851261625,26.2820512820513,
English Language Teaching,2021,112,191,0.0,0.0,0.0,62,1445,62,0,2,2,,,,,,,,,,,,,456.77282,50704,90.1,61.6,0.0,72.52438000000001,-6299.0,17.099999999999994,12.399999999999999,0.0,18.874345983031194,-11.050295598477277,23.424657534246563,25.203252032520318,
English Language Teaching,2022,119,202,11.0,6.25,5.759162303664911,62,1822,62,1,2,1,0.0,0.0,377.0,26.089965397923876,0.0,0.0,1.0,inf,0.0,0.0,-1.0,-50.0,374.47269,55005,53.6,49.7,0.0,56.56196,-14936.0,6.0,7.400000000000006,0.0,17.791774439321383,-21.3551421912755,12.605042016806722,17.494089834515393,
English Language Teaching,2023,112,197,-5.0,-5.882352941176472,-2.4752475247524774,62,1376,62,1,3,3,0.0,0.0,-446.0,-24.47859495060373,0.0,0.0,0.0,0.0,1.0,50.0,2.0,200.0,343.06152,188673,72.3,38.5,0.0,71.64237999999995,-37583.0,18.099999999999994,13.5,0.0,26.395478226038115,-16.610830210027583,33.39483394833947,54.0,
English Language Teaching,2024,112,197,0.0,0.0,0.0,41,1980,41,1,3,3,-21.0,-33.87096774193549,604.0,43.89534883720929,-21.0,-33.87096774193549,0.0,0.0,0.0,0.0,0.0,0.0,364.90424,133761,64.9,39.2,0.0,62.551710000000014,-10794.0,12.600000000000009,8.200000000000003,0.0,20.688336889392,-7.467054062467571,24.09177820267687,26.45161290322582,
Environmental Engineering,2021,178,283,0.0,0.0,0.0,72,909,72,14,4,7,,,,,,,,,,,,,415.08841,12247,55.5,60.3,0.0,45.2688,118.0,5.799999999999997,5.899999999999999,0.0,12.240778686668353,0.9728749278588467,11.670020120724335,10.845588235294112,
Environmental Engineering,2022,168,306,23.0,-5.61797752808989,8.127208480565361,72,997,72,16,3,8,0.0,0.0,88.0,9.680968096809671,0.0,0.0,2.0,14.28571428571428,-1.0,-25.0,1.0,14.28571428571428,385.64321,85197,66.0,45.7,0.0,54.23117000000002,7668.0,10.799999999999997,7.0,0.0,16.363669225777077,9.890492589869604,19.565217391304344,18.087855297157617,
Environmental Engineering,2023,150,293,-13.0,-10.71428571428571,-4.248366013071891,72,960,72,16,4,10,0.0,0.0,-37.0,-3.711133400200606,0.0,0.0,0.0,0.0,1.0,33.33333333333333,2.0,25.0,352.41279,171793,69.3,38.0,0.0,52.33191999999997,8427.0,12.5,6.399999999999999,0.0,17.439272286833862,5.158356083885263,22.007042253521124,20.253164556962023,
Environmental Engineering,2024,150,293,0.0,0.0,0.0,52,999,52,16,4,10,-20.0,-27.77777777777778,39.0,4.062499999999991,-20.0,-27.77777777777778,0.0,0.0,0.0,0.0,0.0,0.0,384.55109,39600,51.9,52.9,0.0,44.228999999999985,4448.0,7.899999999999999,4.5,0.0,12.996217788859955,12.653618570778335,17.954545454545446,9.297520661157034,
Food Engineering,2021,63,323,0.0,0.0,0.0,72,894,72,4,3,4,,,,,,,,,,,,,406.24208,99244,81.4,50.6,0.0,95.49748,-45663.0,20.800000000000004,16.6,0.0,30.73182285388065,-31.511935241223675,34.32343234323434,48.82352941176471,
Food Engineering,2022,73,338,15.0,15.873015873015884,4.643962848297223,72,1314,72,3,2,6,0.0,0.0,420.0,46.97986577181208,0.0,0.0,-1.0,-25.0,-1.0,-33.333333333333336,2.0,50.0,410.98162,14581,55.8,59.6,0.0,39.14094,3372.0,4.799999999999997,3.1000000000000014,0.0,10.526266249297954,30.08296904273351,9.41176470588234,5.486725663716818,
Food Engineering,2023,79,331,-7.0,8.219178082191792,-2.071005917159763,72,1128,72,5,3,4,0.0,0.0,-186.0,-14.155251141552515,0.0,0.0,2.0,66.66666666666667,1.0,50.0,-2.0,-33.333333333333336,375.5865,53074,49.4,50.1,0.0,52.37446,-6786.0,5.799999999999997,6.800000000000004,0.0,16.20436540668473,-11.336451720681595,13.30275229357798,15.704387990762125,
Food Engineering,2024,79,331,0.0,0.0,0.0,41,1026,41,5,3,4,-31.0,-43.05555555555556,-102.0,-9.042553191489366,-31.0,-43.05555555555556,0.0,0.0,0.0,0.0,0.0,0.0,332.94626,209019,65.8,31.7,0.0,59.05926999999997,-11097.0,13.0,7.5,0.0,21.563371812585896,-5.041432699122284,24.62121212121213,30.99173553719008,
French Translation and Interpreting,2021,14,37,0.0,0.0,0.0,52,1141,52,2,1,2,,,,,,,,,,,,,444.32134,63449,87.7,57.0,0.0,2.868280000000027,-802.0,-0.20000000000000284,-0.6000000000000014,0.0,0.6497361237002286,-1.2482295995393078,-0.22753128555176305,-1.041666666666674,
French Translation and Interpreting,2022,50,90,53.0,257.14285714285717,143.24324324324326,52,1157,52,2,2,3,0.0,0.0,16.0,1.4022787028922012,0.0,0.0,0.0,0.0,1.0,100.0,1.0,50.0,459.61599,49604,91.2,60.2,0.0,-1.0560100000000148,2168.0,-0.5999999999999943,-0.5999999999999943,0.0,-0.22923251250347443,4.570368496500543,-0.6535947712418277,-0.9868421052631526,
French Translation and Interpreting,2023,46,123,33.0,-7.9999999999999964,36.66666666666667,54,880,54,1,5,3,2.0,3.8461538461538547,-277.0,-23.941227312013822,2.0,3.8461538461538547,-1.0,-50.0,3.0,150.0,0.0,0.0,364.4445,72980,53.4,44.7,0.0,0.6661799999999971,-2550.0,3.6999999999999957,-2.6999999999999957,0.0,0.18312801048725458,-3.3761419303588003,7.444668008048283,-5.696202531645556,
French Translation and Interpreting,2024,46,123,0.0,0.0,0.0,57,1064,57,1,5,3,3.0,5.555555555555558,184.0,20.9090909090909,3.0,5.555555555555558,0.0,0.0,0.0,0.0,0.0,0.0,437.60445,69728,85.6,55.1,0.0,11.789049999999975,-9208.0,3.299999999999997,1.8000000000000043,0.0,2.7685823481254923,-11.665146447755149,4.009720534629402,3.3771106941838713,
Geomatic Engineering,2021,434,199,0.0,0.0,0.0,93,575,93,12,10,7,,,,,,,,,,,,,448.85903,59276,89.8,57.7,0.0,10.359230000000025,-7658.0,1.0,2.200000000000003,0.0,2.3624252508211097,-11.441121104371465,1.1261261261261257,3.963963963963968,
Geomatic Engineering,2022,380,208,9.0,-12.442396313364057,4.522613065326642,93,910,93,16,9,5,0.0,0.0,335.0,58.26086956521739,0.0,0.0,4.0,33.33333333333333,-1.0,-9.999999999999998,-2.0,-28.57142857142857,435.17454,72027,86.3,54.9,0.0,4.928489999999954,-2581.0,0.29999999999999716,0.6999999999999957,0.0,1.145504996501412,-3.459414539995709,0.34883720930232176,1.291512915129145,
Geomatic Engineering,2023,345,201,-7.0,-9.210526315789469,-3.3653846153846145,93,943,93,17,8,7,0.0,0.0,33.0,3.6263736263736357,0.0,0.0,1.0,6.25,-1.0,-11.111111111111116,2.0,39.99999999999999,395.91782,51678,73.2,45.9,0.0,8.972050000000024,-30900.0,4.5,0.6999999999999957,0.0,2.3186840884706017,-37.41916733270363,6.550218340611358,1.5486725663716783,
Geomatic Engineering,2024,345,201,0.0,0.0,0.0,93,1242,93,17,8,7,0.0,0.0,299.0,31.70731707317074,0.0,0.0,0.0,0.0,0.0,0.0,0.0,0.0,431.79331,12061,81.7,53.3,0.0,10.22845000000001,-13670.0,2.0,1.0999999999999943,0.0,2.4263051716407302,-53.12657883486844,2.509410288582181,2.1072796934865856,
Guidance and Psychological Counseling,2021,86,269,0.0,0.0,0.0,72,1214,72,3,1,0,,,,,,,,,,,,,469.35381,41104,93.8,62.8,0.0,11.113290000000006,-8358.0,4.0,1.2999999999999972,0.0,2.4252089273990807,-16.89782054910841,4.454342984409809,2.113821138211369,
Guidance and Psychological Counseling,2022,93,282,13.0,8.139534883720923,4.832713754646845,72,1205,72,8,7,5,0.0,0.0,-9.0,-0.7413509060955503,0.0,0.0,5.0,166.66666666666666,6.0,600.0,5.0,inf,484.45434,29203,96.5,66.3,0.0,13.032640000000015,-9315.0,3.0999999999999943,1.8999999999999915,0.0,2.7645396891997187,-24.18349862401994,3.3190578158458273,2.9503105590062084,
Guidance and Psychological Counseling,2023,87,298,16.0,-6.451612903225811,5.673758865248235,72,1587,72,4,2,2,0.0,0.0,382.0,31.701244813278006,0.0,0.0,-4.0,-50.0,-5.0,-71.42857142857143,-3.0,-60.0,414.37146,93677,82.5,49.3,0.0,22.66237000000001,-21995.0,5.5,3.6999999999999957,0.0,5.785510364336965,-19.01497337298569,7.14285714285714,8.114035087719284,
Guidance and Psychological Counseling,2024,87,298,0.0,0.0,0.0,41,1376,41,4,2,2,-31.0,-43.05555555555556,-211.0,-13.295526149968495,-31.0,-43.05555555555556,0.0,0.0,0.0,0.0,0.0,0.0,434.60637,72562,86.9,54.9,0.0,13.846990000000005,-11408.0,3.1000000000000085,1.7999999999999972,0.0,3.2909521826940624,-13.585804453971662,3.699284009546555,3.3898305084745672,
Industrial Engineering,2021,333,278,0.0,0.0,0.0,82,1769,82,9,8,4,,,,,,,,,,,,,421.41921,86151,83.6,51.8,0.0,12.24027000000001,-9911.0,3.799999999999997,1.0999999999999943,0.0,2.9914222858097306,-10.317295080260669,4.761904761904767,2.1696252465483123,
Industrial Engineering,2022,357,286,8.0,7.2072072072072,2.877697841726623,82,2390,82,10,8,5,0.0,0.0,621.0,35.104578858111935,0.0,0.0,1.0,11.111111111111116,0.0,0.0,1.0,25.0,443.14316,64531,86.6,56.7,0.0,12.770790000000034,-9975.0,1.6999999999999886,2.4000000000000057,0.0,2.96738147943838,-13.38818350199984,2.0023557126030544,4.419889502762442,
Industrial Engineering,2023,334,270,-16.0,-6.442577030812324,-5.594405594405593,82,2036,82,10,8,4,0.0,0.0,-354.0,-14.81171548117155,0.0,0.0,0.0,0.0,0.0,0.0,-1.0,-19.999999999999996,420.80734,8519,62.5,57.4,0.0,2.6325199999999995,-2177.0,0.5,-1.2000000000000028,0.0,0.6295261871577917,-20.35340314136126,0.8064516129032251,-2.0477815699658786,
Industrial Engineering,2024,334,270,0.0,0.0,0.0,88,1976,88,10,8,4,6.0,7.317073170731714,-60.0,-2.946954813359526,6.0,7.317073170731714,0.0,0.0,0.0,0.0,0.0,0.0,371.38591,150613,76.6,40.6,0.0,24.174720000000036,-30340.0,5.8999999999999915,4.100000000000001,0.0,6.9625405794093265,-16.766784745210085,8.345120226308333,11.232876712328776,
Industrial Engineering (English),2021,224,160,0.0,0.0,0.0,52,1960,52,9,8,4,,,,,,,,,,,,,527.29304,5039,107.1,75.6,0.0,3.27679999999998,-17.0,0.6999999999999886,0.29999999999999716,0.0,0.6253241311757751,-0.3362341772151889,0.6578947368421018,0.3984063745019917,
Industrial Engineering (English),2022,268,199,39.0,19.64285714285714,24.374999999999993,52,2626,52,10,8,5,0.0,0.0,666.0,33.97959183673469,0.0,0.0,1.0,11.111111111111116,0.0,0.0,1.0,25.0,320.68287,285723,58.2,28.4,0.0,3.8652699999999527,-25717.0,2.1000000000000014,-0.20000000000000284,0.0,1.2200300740867753,-8.257449267916773,3.743315508021383,-0.6993006993007089,
Industrial Engineering (English),2023,265,203,4.0,-1.1194029850746245,2.01005025125629,52,2346,52,10,8,4,0.0,0.0,-280.0,-10.66260472201066,0.0,0.0,0.0,0.0,0.0,0.0,-1.0,-19.999999999999996,0.0,0,0.0,0.0,0.0,,,,,,,,,,
Industrial Engineering (English),2024,265,203,0.0,0.0,0.0,57,2044,57,10,8,4,5.0,9.615384615384626,-302.0,-12.872975277067344,5.0,9.615384615384626,0.0,0.0,0.0,0.0,0.0,0.0,495.74667,21387,98.5,68.6,0.0,16.832499999999982,-11211.0,3.0999999999999943,2.799999999999997,0.0,3.5147216462607433,-34.391680471194555,3.2494758909853205,4.255319148936176,
Marine Engineering,2021,434,19,0.0,0.0,0.0,72,801,72,4,9,4,,,,,,,,,,,,,501.99406,17417,101.1,69.6,0.0,13.378440000000012,-7849.0,2.5,1.7999999999999972,0.0,2.7380295374102026,-31.06546346869311,2.535496957403649,2.6548672566371723,
Marine Engineering,2022,471,34,15.0,8.525345622119819,78.94736842105263,72,1158,72,4,7,6,0.0,0.0,357.0,44.569288389513105,0.0,0.0,0.0,0.0,-2.0,-22.22222222222222,2.0,50.0,381.23125,79271,68.4,43.2,0.0,,,,,,,,,,
Marine Engineering,2023,416,39,5.0,-11.677282377919319,14.705882352941169,72,1086,72,5,6,6,0.0,0.0,-72.0,-6.217616580310881,0.0,0.0,1.0,25.0,-1.0,-14.28571428571429,0.0,0.0,435.35202,10367,83.9,55.4,0.0,12.664079999999956,-14147.0,6.400000000000006,1.5,0.0,2.9960826419603848,-57.70988006853226,8.25806451612905,2.782931354359919,
Marine Engineering,2024,416,39,0.0,0.0,0.0,77,1255,77,5,6,6,5.0,6.944444444444442,169.0,15.56169429097607,5.0,6.944444444444442,0.0,0.0,0.0,0.0,0.0,0.0,477.74322,34345,95.4,65.3,0.0,15.664170000000013,-11833.0,4.1000000000000085,2.1999999999999957,0.0,3.389932956276631,-25.62475637749577,4.490690032858713,3.4865293185419866,
Mathematical Engineering,2021,364,347,0.0,0.0,0.0,103,1057,103,11,10,5,,,,,,,,,,,,,507.10034,14363,101.8,71.5,0.0,9.889670000000024,-5018.0,2.5,1.2999999999999972,0.0,1.989030122784774,-25.891336876322168,2.5176233635448186,1.8518518518518379,
Mathematical Engineering,2022,367,302,-45.0,0.8241758241758212,-12.968299711815568,103,1961,103,12,9,5,0.0,0.0,904.0,85.52507095553452,0.0,0.0,1.0,9.090909090909083,-1.0,-9.999999999999998,0.0,0.0,428.86933,78355,83.5,54.4,0.0,-8.298900000000003,10204.0,0.29999999999999716,-3.1000000000000014,0.0,-1.8983309926249636,14.97263429736908,0.36057692307691624,-5.391304347826087,
Mathematical Engineering,2023,402,274,-28.0,9.53678474114441,-9.27152317880795,103,2283,103,14,10,5,0.0,0.0,322.0,16.420193778684357,0.0,0.0,2.0,16.666666666666675,1.0,11.111111111111116,0.0,0.0,459.43422,8636,70.8,0.0,74.4,2.2336099999999988,561.0,2.700000000000003,0.0,-0.3999999999999915,0.4885404680453176,6.947368421052635,3.96475770925111,,-0.5347593582887611
Mathematical Engineering,2024,402,274,0.0,0.0,0.0,108,2106,108,14,10,5,5.0,4.854368932038833,-177.0,-7.752956636005259,5.0,4.854368932038833,0.0,0.0,0.0,0.0,0.0,0.0,405.55598,103848,81.8,46.7,0.0,15.460519999999974,-13776.0,3.799999999999997,1.4000000000000057,0.0,3.963265811911776,-11.711895531524174,4.871794871794877,3.0905077262693315,
Mathematical Engineering (English),2021,205,197,0.0,0.0,0.0,72,1072,72,11,10,5,,,,,,,,,,,,,420.75616,86820,83.0,51.5,0.0,14.13709,-12039.0,3.0,2.799999999999997,0.0,3.4767405276884933,-12.177950414226324,3.750000000000009,5.749486652977409,
Mathematical Engineering (English),2022,272,186,-11.0,32.6829268292683,-5.58375634517766,72,1932,72,12,9,5,0.0,0.0,860.0,80.22388059701493,0.0,0.0,1.0,9.090909090909083,-1.0,-9.999999999999998,0.0,0.0,448.15957,11332,67.8,0.0,72.7,14.822379999999953,-2105.0,5.399999999999999,0.0,0.7000000000000028,3.420518788152016,-15.665699188807025,8.653846153846146,,0.9722222222222188
Mathematical Engineering (English),2023,306,175,-11.0,12.5,-5.913978494623651,72,2035,72,14,10,5,0.0,0.0,103.0,5.331262939958603,0.0,0.0,2.0,16.666666666666675,1.0,11.111111111111116,0.0,0.0,369.02434,154392,72.3,39.3,0.0,20.128150000000005,-23478.0,1.2000000000000028,5.399999999999999,0.0,5.769094239750805,-13.199527744982287,1.6877637130801704,15.92920353982301,
Mathematical Engineering (English),2024,306,175,0.0,0.0,0.0,77,2065,77,14,10,5,5.0,6.944444444444442,30.0,1.4742014742014753,5.0,6.944444444444442,0.0,0.0,0.0,0.0,0.0,0.0,385.29609,70958,68.2,44.6,0.0,0.6709599999999796,-16379.0,0.7999999999999972,-1.0,0.0,0.17444517990803377,-18.753792779692457,1.1869436201780381,-2.1929824561403466,
Mathematical Engineering (TRNC Citizens),2021,0,0,0.0,0.0,0.0,1,3,0,0,0,0,,,,,,,,,,,,,512.32237,11527,102.8,72.1,0.0,9.197339999999997,-4010.0,1.7000000000000028,1.2999999999999972,0.0,1.8280426239179581,-25.80935830597928,1.6815034619188873,1.836158192090398,
Mathematical Engineering (TRNC Citizens),2022,0,0,0.0,0.0,0.0,1,9,1,0,0,0,0.0,0.0,6.0,200.0,1.0,inf,0.0,,0.0,,0.0,,519.59063,8111,104.4,73.8,0.0,8.637350000000026,-2916.0,0.9000000000000057,1.5999999999999943,0.0,1.6904383116984834,-26.444182461231524,0.8695652173912993,2.216066481994461,
Mathematical Engineering (TRNC Citizens),2023,0,0,0.0,0.0,0.0,1,6,1,14,10,5,0.0,0.0,-3.0,-33.333333333333336,0.0,0.0,14.0,inf,10.0,inf,5.0,inf,445.32388,62528,86.9,57.7,0.0,15.351459999999975,-12346.0,3.700000000000003,2.6000000000000014,0.0,3.570335976433081,-16.489034911985467,4.447115384615397,4.7186932849364815,
Mathematical Engineering (TRNC Citizens),2024,0,0,0.0,0.0,0.0,1,11,1,14,10,5,0.0,0.0,5.0,83.33333333333333,0.0,0.0,0.0,0.0,0.0,0.0,0.0,0.0,503.50772,16507,100.8,71.0,0.0,21.30014,-13510.0,4.0,4.200000000000003,0.0,4.417213848027846,-45.007828896958394,4.132231404958686,6.287425149700598,
Mathematics,2021,190,235,0.0,0.0,0.0,82,1084,82,11,18,10,,,,,,,,,,,,,511.62595,11881,103.1,72.6,0.0,14.809590000000014,-7733.0,2.8999999999999915,2.5999999999999943,0.0,2.980898213577343,-39.42592026103804,2.894211576846306,3.7142857142857144,
Mathematics,2022,232,193,-42.0,22.10526315789474,-17.872340425531917,82,1974,82,11,14,10,0.0,0.0,890.0,82.10332103321034,0.0,0.0,0.0,0.0,-4.0,-22.22222222222222,0.0,0.0,413.63903,94505,69.6,50.8,0.0,-46.22023999999999,46387.0,-11.600000000000009,-12.400000000000006,0.0,-10.050953197050916,96.40259362400765,-14.28571428571429,-19.620253164556967,
Mathematics,2023,254,198,5.0,9.482758620689658,2.590673575129543,84,1802,82,17,11,8,2.0,2.4390243902439046,-172.0,-8.71327254305978,0.0,0.0,6.0,54.54545454545454,-3.0,-21.42857142857143,-2.0,-19.999999999999996,436.81543,70496,87.8,56.7,0.0,17.208799999999997,-14596.0,3.0,2.700000000000003,0.0,4.101174473816105,-17.153198890612508,3.5377358490566113,5.000000000000004,
Mathematics,2024,254,198,0.0,0.0,0.0,82,1301,82,17,11,8,-2.0,-2.3809523809523836,-501.0,-27.802441731409544,0.0,0.0,0.0,0.0,0.0,0.0,0.0,0.0,487.86232,26723,98.2,67.5,0.0,11.522600000000011,-7889.0,3.5,1.5999999999999943,0.0,2.418987860176758,-22.792673061366,3.6958817317845893,2.427921092564489,
Mechanical Engineering,2021,1546,122,0.0,0.0,0.0,216,2352,216,23,26,14,,,,,,,,,,,,,495.72087,21399,98.9,68.5,0.0,12.219169999999963,-7676.0,3.200000000000003,1.7000000000000028,0.0,2.5272237925947127,-26.400687876182282,3.3437826541274918,2.5449101796407136,
Mechanical Engineering,2022,1429,150,28.0,-7.56791720569211,22.95081967213115,216,2903,216,25,17,18,0.0,0.0,551.0,23.426870748299322,0.0,0.0,2.0,8.695652173913038,-9.0,-34.61538461538461,4.0,28.57142857142858,502.65361,17015,100.9,70.1,0.0,7.934900000000027,-3958.0,2.6000000000000085,0.6999999999999886,0.0,1.6039215496822523,-18.87188289705812,2.64496439471007,1.0086455331411948,
Mechanical Engineering,2023,1277,165,15.0,-10.636808957312805,10.000000000000009,216,2933,216,28,16,21,0.0,0.0,30.0,1.033413709955222,0.0,0.0,3.0,12.00000000000001,-1.0,-5.882352941176472,3.0,16.666666666666675,352.2362,184253,58.5,40.6,0.0,-73.69124,105422.0,-32.3,-5.699999999999996,0.0,-17.301360062643532,133.73165379102127,-35.57268722466959,-12.311015118790491,
Mechanical Engineering,2024,1277,165,0.0,0.0,0.0,221,3302,221,28,16,21,5.0,2.314814814814814,369.0,12.580975110808046,5.0,2.314814814814814,0.0,0.0,0.0,0.0,0.0,0.0,454.55267,53949,90.9,59.2,0.0,11.458619999999996,-8788.0,3.5,1.2000000000000028,0.0,2.5860469126137042,-14.00768286656997,4.004576659038905,2.0689655172413834,
Mechatronics Engineering,2021,378,75,0.0,0.0,0.0,62,1321,62,4,6,3,,,,,,,,,,,,,474.50789,36943,95.4,64.8,0.0,13.963179999999966,-10604.0,4.400000000000006,2.299999999999997,0.0,3.031883701367444,-22.302143142574714,4.83516483516484,3.6799999999999944,
Mechatronics Engineering,2022,421,91,16.0,11.375661375661373,21.333333333333336,62,1451,62,4,7,5,0.0,0.0,130.0,9.841029523088562,0.0,0.0,0.0,0.0,1.0,16.666666666666675,2.0,66.66666666666667,451.55708,56719,91.1,57.9,0.0,1.5179099999999721,164.0,1.5,-1.2000000000000028,0.0,0.3372839746371259,0.28998320219255636,1.6741071428571397,-2.0304568527918843,
Mechatronics Engineering,2023,398,85,-6.0,-5.463182897862229,-6.593406593406592,62,1474,62,7,7,4,0.0,0.0,23.0,1.5851137146795313,0.0,0.0,3.0,75.0,0.0,0.0,-1.0,-19.999999999999996,470.53124,40128,93.5,64.1,0.0,13.758420000000001,-10576.0,3.4000000000000057,2.499999999999993,0.0,3.0120925321257097,-20.858314925844113,3.7735849056603765,4.05844155844155,
Mechatronics Engineering,2024,398,85,0.0,0.0,0.0,67,1377,67,7,7,4,5.0,8.064516129032251,-97.0,-6.580732700135683,5.0,8.064516129032251,0.0,0.0,0.0,0.0,0.0,0.0,375.54952,51498,57.1,47.5,0.0,1.0768299999999726,-3507.0,3.5,-2.200000000000003,0.0,0.28755902065915606,-6.375784019634578,6.529850746268662,-4.426559356136828,
Mechatronics Engineering (English),2021,332,58,0.0,0.0,0.0,52,1399,52,4,6,3,,,,,,,,,,,,,375.23418,144675,77.3,43.8,0.0,32.17266000000001,-43998.0,5.0,5.299999999999997,0.0,9.378102213270667,-23.319711882463313,6.915629322268324,13.76623376623376,
Mechatronics Engineering (English),2022,390,73,15.0,17.469879518072283,25.86206896551724,52,1668,52,7,7,4,0.0,0.0,269.0,19.228020014295932,0.0,0.0,3.0,75.0,1.0,16.666666666666675,1.0,33.33333333333333,371.95592,100011,64.9,40.2,0.0,7.051679999999976,-33750.0,0.0,1.0,0.0,1.9324741197854989,-25.231569740058756,0.0,2.5510204081632626,
Mechatronics Engineering (English),2023,379,80,7.0,-2.8205128205128216,9.589041095890405,52,1462,52,7,7,4,0.0,0.0,-206.0,-12.35011990407674,0.0,0.0,0.0,0.0,0.0,0.0,0.0,0.0,416.60906,10407,56.4,59.1,0.0,1.5206499999999892,-1840.0,0.8999999999999986,-1.1999999999999957,0.0,0.36634364230982985,-15.024087531640406,1.6216216216216273,-1.990049751243772,
Mechatronics Engineering (English),2024,379,80,0.0,0.0,0.0,57,1380,57,7,7,4,5.0,9.615384615384626,-82.0,-5.608755129958965,5.0,9.615384615384626,0.0,0.0,0.0,0.0,0.0,0.0,385.68066,70207,65.9,45.7,0.0,0.037449999999978445,-14990.0,-0.09999999999999432,0.0,0.0,0.009711048717786497,-17.5945162388347,-0.15151515151514694,0.0,
Mechatronics Engineering (English) (TRNC Citizens),2021,0,0,0.0,0.0,0.0,1,4,0,0,0,0,,,,,,,,,,,,,361.2024,167688,72.7,37.1,0.0,8.789610000000039,-4105.0,3.4000000000000057,-0.8999999999999986,0.0,2.494123439731011,-2.3895036468307818,4.906204906204925,-2.368421052631575,
Mechatronics Engineering (English) (TRNC Citizens),2022,8,0,0.0,inf,0.0,1,12,1,0,0,0,0.0,0.0,8.0,200.0,1.0,inf,0.0,,0.0,,0.0,,385.85695,36252,51.3,52.2,0.0,1.3058599999999956,-3348.0,-0.6000000000000014,-0.6999999999999957,0.0,0.3395803662915142,-8.454545454545459,-1.1560693641618491,-1.3232514177693666,
Mechatronics Engineering (English) (TRNC Citizens),2023,3,0,0.0,-62.5,0.0,2,17,2,7,7,4,1.0,100.0,5.0,41.66666666666667,1.0,100.0,7.0,inf,7.0,inf,4.0,inf,439.59054,67879,88.0,57.2,0.0,33.34845999999999,-31365.0,6.599999999999994,6.600000000000001,0.0,8.209011730148674,-31.603925678126632,8.108108108108091,13.043478260869579,
Mechatronics Engineering (English) (TRNC Citizens),2024,3,0,0.0,0.0,0.0,1,16,1,7,7,4,-1.0,-50.0,-1.0,-5.882352941176472,-1.0,-50.0,0.0,0.0,0.0,0.0,0.0,0.0,414.54799,11409,57.5,58.8,0.0,3.5663700000000063,-3172.0,1.7000000000000028,-0.8000000000000043,0.0,0.8677687337939943,-21.754337836911052,3.046594982078865,-1.34228187919464,
Metallurgical and Materials Engineering,2021,487,220,0.0,0.0,0.0,103,1099,103,14,10,6,,,,,,,,,,,,,378.20479,47179,51.3,49.1,0.0,2.618290000000002,-5895.0,1.8999999999999986,-1.0,0.0,0.6971203704073448,-11.107133436334172,3.8461538461538325,-1.9960079840319334,
Metallurgical and Materials Engineering,2022,416,263,43.0,-14.579055441478438,19.545454545454554,103,1448,103,10,8,9,0.0,0.0,349.0,31.75614194722476,0.0,0.0,-4.0,-28.57142857142857,-2.0,-19.999999999999996,3.0,50.0,352.86449,183081,70.7,35.3,0.0,19.918229999999994,-25938.0,4.900000000000006,3.599999999999998,0.0,5.982415900992555,-12.409398188681408,7.446808510638303,11.356466876971606,
Metallurgical and Materials Engineering,2023,380,249,-14.0,-8.653846153846157,-5.323193916349811,103,1413,103,10,8,10,0.0,0.0,-35.0,-2.4171270718231996,0.0,0.0,0.0,0.0,0.0,0.0,1.0,11.111111111111116,419.29138,63663,87.0,47.9,0.0,-25.029960000000017,214.0,-0.7000000000000028,-9.100000000000001,0.0,-5.633301339971652,0.3372787593185045,-0.7981755986317007,-15.96491228070176,
Metallurgical and Materials Engineering,2024,380,249,0.0,0.0,0.0,108,1786,108,10,8,10,5.0,4.854368932038833,373.0,26.397735314932767,5.0,4.854368932038833,0.0,0.0,0.0,0.0,0.0,0.0,432.1829,52472,90.3,51.1,0.0,-27.433089999999993,2868.0,-0.9000000000000057,-9.100000000000001,0.0,-5.968697912359399,5.781791790984592,-0.9868421052631637,-15.116279069767447,
Metallurgical and Materials Engineering (English),2021,203,124,0.0,0.0,0.0,52,946,52,14,10,6,,,,,,,,,,,,,380.6505,61413,52.8,49.3,0.0,16.206000000000017,-11567.0,-0.6000000000000014,4.599999999999994,0.0,4.446767614822011,-15.849547821320908,-1.1235955056179803,10.290827740492148,
Metallurgical and Materials Engineering (English),2022,209,129,5.0,2.9556650246305383,4.0322580645161255,52,1296,52,10,8,9,0.0,0.0,350.0,36.99788583509513,0.0,0.0,-4.0,-28.57142857142857,-2.0,-19.999999999999996,3.0,50.0,419.42322,63553,87.1,48.0,0.0,-18.18122999999997,-6175.0,1.5,-7.100000000000001,0.0,-4.154717805086294,-8.855839834786593,1.7523364485981352,-12.885662431941924,
Metallurgical and Materials Engineering (English),2023,205,127,-2.0,-1.9138755980861233,-1.5503875968992276,52,1203,52,10,8,10,0.0,0.0,-93.0,-7.17592592592593,0.0,0.0,0.0,0.0,0.0,0.0,1.0,11.111111111111116,430.39629,53952,91.4,50.6,0.0,-18.462739999999997,-5324.0,1.6000000000000085,-7.100000000000001,0.0,-4.113260236738469,-8.981712666171804,1.7817371937639326,-12.305025996533804,
Metallurgical and Materials Engineering (English),2024,205,127,0.0,0.0,0.0,57,1314,57,10,8,10,5.0,9.615384615384626,111.0,9.22693266832917,5.0,9.615384615384626,0.0,0.0,0.0,0.0,0.0,0.0,416.12638,66534,88.1,47.0,0.0,-19.048159999999996,-5493.0,1.7999999999999972,-7.899999999999999,0.0,-4.377131070213802,-7.626306801616057,2.085747392815751,-14.389799635701273,
Molecular Biology and Genetics,2021,124,254,0.0,0.0,0.0,82,1874,82,5,5,3,,,,,,,,,,,,,410.26067,24350,79.2,49.2,0.0,14.342849999999999,-27328.0,6.0,3.3000000000000043,0.0,3.622683616514144,-52.88130345601609,8.196721311475418,7.18954248366015,
Molecular Biology and Genetics,2022,130,326,72.0,4.8387096774193505,28.346456692913378,82,2131,82,7,5,2,0.0,0.0,257.0,13.713980789754544,0.0,0.0,2.0,39.99999999999999,0.0,0.0,-1.0,-33.333333333333336,437.16777,7943,85.5,54.4,0.0,5.374459999999999,-4118.0,3.799999999999997,1.1000000000000014,0.0,1.2446834806217888,-34.14310587845121,4.6511627906976605,2.0637898686679312,
Molecular Biology and Genetics,2023,135,323,-3.0,3.8461538461538547,-0.9202453987730008,84,1612,83,7,3,6,2.0,2.4390243902439046,-519.0,-24.35476302205537,1.0,1.2195121951219523,0.0,0.0,-2.0,-40.0,4.0,200.0,460.4049,31383,96.2,58.1,0.0,-8.948910000000012,-9721.0,2.4000000000000057,-4.699999999999996,0.0,-1.906644797450352,-23.649766446087973,2.558635394456288,-7.484076433121012,
Molecular Biology and Genetics,2024,135,323,0.0,0.0,0.0,72,1578,72,7,3,6,-12.0,-14.28571428571429,-34.0,-2.109181141439209,-11.0,-13.253012048192769,0.0,0.0,0.0,0.0,0.0,0.0,473.32658,23360,99.6,61.1,0.0,-11.127760000000023,-5843.0,3.0999999999999943,-5.199999999999996,0.0,-2.296967759644808,-20.00821833373284,3.2124352331606154,-7.843137254901955,
Naval Architecture and Marine Engineering,2021,546,52,0.0,0.0,0.0,82,943,82,10,9,3,,,,,,,,,,,,,402.0282,80526,85.3,43.4,0.0,-12.343259999999987,-13151.0,2.799999999999997,-5.899999999999999,0.0,-2.9787910586313027,-14.038664773637077,3.3939393939393936,-11.967545638945232,
Naval Architecture and Marine Engineering,2022,554,68,16.0,1.46520146520146,30.76923076923077,82,1227,82,11,7,3,0.0,0.0,284.0,30.116648992576888,0.0,0.0,1.0,10.000000000000009,-2.0,-22.22222222222222,0.0,0.0,418.69912,64178,87.3,47.8,0.0,-15.907250000000033,-8384.0,0.3999999999999915,-7.100000000000001,0.0,-3.6601511386038843,-11.554257049144178,0.4602991944764101,-12.932604735883423,
Naval Architecture and Marine Engineering,2023,523,72,4.0,-5.595667870036102,5.882352941176472,82,1479,82,10,5,7,0.0,0.0,252.0,20.537897310513454,0.0,0.0,-1.0,-9.090909090909093,-2.0,-28.57142857142857,4.0,133.33333333333334,413.42258,69157,84.5,47.5,0.0,-7.996630000000039,-16994.0,0.9000000000000057,-4.299999999999997,0.0,-1.8975475750144466,-19.725830228320042,1.0765550239234534,-8.301158301158296,
Naval Architecture and Marine Engineering,2024,523,72,0.0,0.0,0.0,88,2044,88,10,5,7,6.0,7.317073170731714,565.0,38.20148749154835,6.0,7.317073170731714,0.0,0.0,0.0,0.0,0.0,0.0,428.61866,55464,87.9,50.8,0.0,-14.524500000000046,-9067.0,1.3000000000000114,-5.900000000000006,0.0,-3.2776089785522267,-14.050611334087492,1.5011547344111031,-10.405643738977076,
Photography and Video,2021,95,85,0.0,0.0,0.0,41,413,41,2,7,6,,,,,,,,,,,,,435.28827,6978,62.2,62.1,0.0,14.48093,-1541.0,-0.29999999999999716,4.700000000000003,0.0,3.441225621207078,-18.08897757952811,-0.47999999999999154,8.18815331010454,
Photography and Video,2022,107,135,50.0,12.631578947368416,58.823529411764696,41,968,41,6,9,4,0.0,0.0,555.0,134.38256658595643,0.0,0.0,4.0,200.0,2.0,28.57142857142858,-2.0,-33.333333333333336,352.81665,143547,75.3,33.3,0.0,-18.569260000000043,-7066.0,-1.2999999999999972,-7.300000000000004,0.0,-4.999990441209801,-4.691494094135296,-1.6971279373368064,-17.98029556650247,
Photography and Video,2023,114,149,14.0,6.542056074766345,10.370370370370363,42,765,42,6,7,10,1.0,2.4390243902439046,-203.0,-20.971074380165287,1.0,2.4390243902439046,0.0,0.0,-2.0,-22.22222222222222,6.0,150.0,514.28196,5725,106.8,71.2,0.0,-13.011079999999993,686.0,-0.29999999999999716,-4.3999999999999915,0.0,-2.4675235614716184,13.613812264338154,-0.2801120448179262,-5.820105820105814,
Photography and Video,2024,114,149,0.0,0.0,0.0,41,706,41,6,7,10,-1.0,-2.3809523809523836,-59.0,-7.71241830065359,-1.0,-2.3809523809523836,0.0,0.0,0.0,0.0,0.0,0.0,316.43356,252725,58.6,29.3,0.0,-4.24930999999998,-32998.0,0.3999999999999986,0.9000000000000021,0.0,-1.3250816920779007,-11.548947757093408,0.6872852233676952,3.169014084507049,
Physics,2021,306,182,0.0,0.0,0.0,82,790,82,17,8,13,,,,,,,,,,,,,0.0,0,0.0,0.0,0.0,0.0,0.0,0.0,0.0,0.0,,,,,
Physics,2022,272,185,3.0,-11.111111111111116,1.6483516483516425,82,1373,82,19,9,10,0.0,0.0,583.0,73.79746835443038,0.0,0.0,2.0,11.764705882352944,1.0,12.5,-3.0,-23.076923076923073,486.52779,16371,100.9,63.9,0.0,-9.218880000000013,-5016.0,2.4000000000000057,-4.699999999999996,0.0,-1.8595949419085378,-23.453499789591802,2.4365482233502656,-6.851311953352768,
Physics,2023,278,188,3.0,2.2058823529411686,1.6216216216216273,84,1325,82,25,9,13,2.0,2.4390243902439046,-48.0,-3.495994173343042,0.0,0.0,6.0,31.578947368421062,0.0,0.0,3.0,30.000000000000004,491.2467,14089,102.8,64.8,0.0,-10.747360000000015,-3328.0,1.7000000000000028,-4.799999999999997,0.0,-2.140933699494374,-19.10776827237757,1.6815034619188873,-6.896551724137923,
Physics,2024,278,188,0.0,0.0,0.0,82,1236,82,25,9,13,-2.0,-2.3809523809523836,-89.0,-6.716981132075473,0.0,0.0,0.0,0.0,0.0,0.0,0.0,0.0,389.98696,46828,74.0,44.9,0.0,8.755710000000022,-32443.0,5.599999999999994,1.6999999999999957,0.0,2.2966926242274255,-40.92669450366464,8.187134502923964,3.935185185185186,
Political Science and International Relations,2021,212,292,0.0,0.0,0.0,82,1471,82,6,3,2,,,,,,,,,,,,,440.54469,6753,85.9,55.6,0.0,5.192670000000021,-3614.0,2.0,0.20000000000000284,0.0,1.192752017091836,-34.86061541429536,2.3837902264600697,0.3610108303249149,
Political Science and International Relations,2022,196,302,10.0,-7.547169811320753,3.424657534246567,82,2114,82,5,1,4,0.0,0.0,643.0,43.71176070700204,0.0,0.0,-1.0,-16.666666666666664,-2.0,-66.66666666666667,2.0,100.0,465.65032,27956,97.6,59.4,0.0,-12.092899999999986,-6389.0,2.1999999999999886,-5.899999999999999,0.0,-2.53125517929903,-18.60241665453487,2.3060796645702153,-9.035222052067382,
Political Science and International Relations,2023,188,299,-3.0,-4.081632653061229,-0.9933774834437137,84,1920,84,5,1,5,2.0,2.4390243902439046,-194.0,-9.17691579943235,2.0,2.4390243902439046,0.0,0.0,0.0,0.0,1.0,25.0,495.31337,12342,102.9,67.2,0.0,-11.786969999999997,-2021.0,1.1000000000000085,-4.299999999999997,0.0,-2.3243861362822194,-14.070876557822187,1.080550098231825,-6.013986013986006,
Political Science and International Relations,2024,188,299,0.0,0.0,0.0,88,2587,88,5,1,5,4.0,4.761904761904767,667.0,34.739583333333336,4.0,4.761904761904767,0.0,0.0,0.0,0.0,0.0,0.0,385.0753,99182,79.4,41.2,0.0,-43.794029999999964,20827.0,-4.099999999999994,-13.199999999999996,0.0,-10.211508946093195,26.580307574500672,-4.910179640718559,-24.26470588235293,
Preschool Education,2021,43,258,0.0,0.0,0.0,62,1108,62,0,1,2,,,,,,,,,,,,,466.34002,5585,75.1,0.0,74.3,6.905799999999999,-3051.0,4.299999999999997,0.0,-0.10000000000000853,1.503109629056354,-35.32885595182955,6.073446327683607,,-0.13440860215054862
Preschool Education,2022,48,280,22.0,11.627906976744185,8.52713178294573,62,1526,62,1,1,1,0.0,0.0,418.0,37.72563176895307,0.0,0.0,1.0,inf,0.0,0.0,-1.0,-50.0,389.52354,94027,81.5,41.1,0.0,-16.03243999999995,-9821.0,-0.29999999999999716,-5.600000000000001,0.0,-3.9532002462397298,-9.457091133194673,-0.3667481662591676,-11.991434689507496,
Preschool Education,2023,45,257,-23.0,-6.25,-8.214285714285719,62,996,62,1,1,3,0.0,0.0,-530.0,-34.73132372214941,0.0,0.0,0.0,0.0,0.0,0.0,2.0,200.0,407.01305,75440,85.2,45.3,0.0,-13.743110000000001,-11380.0,2.200000000000003,-6.200000000000003,0.0,-3.266288484047386,-13.10757889887123,2.650602409638547,-12.038834951456312,
Preschool Education,2024,45,257,0.0,0.0,0.0,52,964,52,1,1,3,-10.0,-16.129032258064512,-32.0,-3.2128514056224855,-10.0,-16.129032258064512,0.0,0.0,0.0,0.0,0.0,0.0,450.04507,8686,67.5,0.0,73.9,1.885500000000036,-2646.0,-0.29999999999999716,0.0,1.2000000000000028,0.4207206821445375,-23.349805859512884,-0.4424778761061954,,1.6506189821182904
Primary Teacher Education,2021,65,210,0.0,0.0,0.0,62,1382,62,1,2,2,,,,,,,,,,,,,359.57205,132820,75.2,34.8,0.0,-9.452290000000005,-21572.0,2.9000000000000057,-4.5,0.0,-2.5614272489451473,-13.972226540235244,4.011065006915637,-11.45038167938931,
Primary Teacher Education,2022,65,228,18.0,0.0,8.571428571428562,62,977,62,1,2,0,0.0,0.0,-405.0,-29.30535455861071,0.0,0.0,0.0,0.0,0.0,0.0,-2.0,-100.0,382.21485,58207,68.9,43.7,0.0,-3.0812399999999798,-12751.0,0.7000000000000028,-0.8999999999999986,0.0,-0.799707051270615,-17.969784943205834,1.026392961876832,-2.0179372197309364,
Primary Teacher Education,2023,66,221,-7.0,1.538461538461533,-3.0701754385964897,62,1210,62,2,2,2,0.0,0.0,233.0,23.84851586489254,0.0,0.0,1.0,100.0,0.0,0.0,2.0,inf,496.90152,11733,102.1,67.1,0.0,-15.420849999999973,206.0,-0.7000000000000028,-5.0,0.0,-3.009989589172135,1.787108527804282,-0.6809338521400754,-6.934812760055475,
Primary Teacher Education,2024,66,221,0.0,0.0,0.0,31,1062,31,2,2,2,-31.0,-50.0,-148.0,-12.231404958677683,-31.0,-50.0,0.0,0.0,0.0,0.0,0.0,0.0,503.66284,9162,104.7,68.2,0.0,-15.927790000000016,1051.0,0.29999999999999716,-5.599999999999994,0.0,-3.065449813827481,12.957711749476019,0.2873563218390718,-7.5880758807588045,
Science Education,2021,50,210,0.0,0.0,0.0,62,729,62,5,3,1,,,,,,,,,,,,,432.04367,52589,89.7,51.5,0.0,-13.280209999999954,-9939.0,2.799999999999997,-6.200000000000003,0.0,-2.98214638747869,-15.895278915046063,3.2220943613348707,-10.745233968804168,
Science Education,2022,58,215,5.0,15.999999999999993,2.3809523809523725,62,616,62,5,1,3,0.0,0.0,-113.0,-15.500685871056241,0.0,0.0,0.0,0.0,-2.0,-66.66666666666667,2.0,200.0,493.40076,13125,102.2,66.3,0.0,-10.106960000000015,-3382.0,1.4000000000000057,-4.700000000000003,0.0,-2.007309838268223,-20.48827770036954,1.388888888888884,-6.619718309859158,
Science Education,2023,65,211,-4.0,12.06896551724137,-1.8604651162790753,62,661,62,6,0,2,0.0,0.0,45.0,7.3051948051948035,0.0,0.0,1.0,19.999999999999996,-1.0,-100.0,-1.0,-33.333333333333336,502.43788,9589,103.3,68.8,0.0,-9.188069999999982,-2292.0,0.20000000000000284,-3.799999999999997,0.0,-1.7958569146072412,-19.29130544566956,0.19398642095054264,-5.234159779614322,
Science Education,2024,65,211,0.0,0.0,0.0,31,304,31,6,0,2,-31.0,-50.0,-357.0,-54.0090771558245,-31.0,-50.0,0.0,0.0,0.0,,0.0,0.0,375.10923,111380,71.4,38.6,0.0,-38.529799999999966,16875.0,1.8000000000000114,-12.199999999999996,0.0,-9.31483665842654,17.856198084757423,2.586206896551735,-24.015748031496052,
Social Studies Education,2021,86,163,0.0,0.0,0.0,52,770,52,3,1,2,,,,,,,,,,,,,417.20091,65554,88.8,49.3,0.0,-19.61451999999997,-4942.0,1.0,-7.400000000000006,0.0,-4.490345041153876,-7.010326827054014,1.1389521640091216,-13.051146384479729,
Social Studies Education,2022,95,165,2.0,10.465116279069765,1.2269938650306678,52,723,52,3,1,2,0.0,0.0,-47.0,-6.1038961038961,0.0,0.0,0.0,0.0,0.0,0.0,0.0,0.0,474.69563,22581,99.0,62.5,0.0,-13.166690000000017,-4142.0,0.7999999999999972,-5.0,0.0,-2.698853643790322,-15.499756763836391,0.8146639511201537,-7.4074074074074066,
Social Studies Education,2023,99,150,-15.0,4.210526315789465,-9.090909090909093,52,624,52,5,1,2,0.0,0.0,-99.0,-13.692946058091282,0.0,0.0,2.0,66.66666666666667,0.0,0.0,0.0,0.0,479.40398,20060,98.9,62.8,0.0,-16.31689,-1339.0,0.0,-5.700000000000003,0.0,-3.291547922926863,-6.257301743072108,0.0,-8.321167883211677,
Social Studies Education,2024,99,150,0.0,0.0,0.0,52,665,52,5,1,2,0.0,0.0,41.0,6.570512820512819,0.0,0.0,0.0,0.0,0.0,0.0,0.0,0.0,486.18859,16552,101.7,64.6,0.0,-16.465020000000038,-463.0,0.7999999999999972,-5.5,0.0,-3.2756195663252163,-2.7211284161034355,0.7928642220019766,-7.845934379457919,
Statistics,2021,249,205,0.0,0.0,0.0,82,1335,82,5,7,3,,,,,,,,,,,,,338.66036,168331,54.7,33.0,0.0,-13.575839999999971,-15922.0,-3.799999999999997,-7.600000000000001,0.0,-3.8541864805491266,-8.641378973476687,-6.495726495726495,-18.7192118226601,
Statistics,2022,278,212,7.0,11.646586345381515,3.4146341463414664,82,2079,82,5,5,4,0.0,0.0,744.0,55.730337078651694,0.0,0.0,0.0,0.0,-2.0,-28.57142857142857,1.0,33.33333333333333,442.81151,43915,93.3,54.7,0.0,-11.74115999999998,-10034.0,2.3999999999999915,-4.5,0.0,-2.583014197232625,-18.59904724832713,2.640264026402628,-7.601351351351349,
Statistics,2023,311,215,3.0,11.870503597122294,1.4150943396226356,84,2320,83,5,4,6,2.0,2.4390243902439046,241.0,11.592111592111598,1.0,1.2195121951219523,0.0,0.0,-1.0,-19.999999999999996,2.0,50.0,460.3168,31450,97.0,58.2,0.0,-14.191089999999974,-5493.0,1.5999999999999943,-6.599999999999994,0.0,-2.9906963190854396,-14.868852015266764,1.6771488469601525,-10.185185185185174,
Statistics,2024,311,215,0.0,0.0,0.0,88,1577,88,5,4,6,4.0,4.761904761904767,-743.0,-32.025862068965516,5.0,6.024096385542177,0.0,0.0,0.0,0.0,0.0,0.0,426.70613,57160,91.0,50.6,0.0,-24.85095000000001,441.0,-0.09999999999999432,-7.299999999999997,0.0,-5.503390623395832,0.7775172340838132,-0.1097694840834218,-12.60794473229706,
Turkish Language Teaching,2021,104,168,0.0,0.0,0.0,62,1170,62,3,3,2,,,,,,,,,,,,,458.44904,32688,94.9,58.4,0.0,-12.0822,-7440.0,1.4000000000000057,-5.699999999999996,0.0,-2.567778496492601,-18.540669856459335,1.497326203208571,-8.89235569422776,
Turkish Language Teaching,2022,118,183,15.0,13.461538461538458,8.92857142857142,62,890,62,3,0,5,0.0,0.0,-280.0,-23.931623931623935,0.0,0.0,0.0,0.0,-3.0,-100.0,3.0,150.0,395.43146,37588,54.9,52.8,0.0,19.881940000000043,-13910.0,-2.200000000000003,5.299999999999997,0.0,5.294092773704007,-27.010757699328124,-3.8528896672504476,11.157894736842099,
Turkish Language Teaching,2023,119,184,1.0,0.8474576271186418,0.5464480874316946,62,873,62,4,4,3,0.0,0.0,-17.0,-1.9101123595505642,0.0,0.0,1.0,33.33333333333333,4.0,inf,-2.0,-40.0,374.7259,111851,81.0,42.6,0.0,-0.5082799999999565,-32824.0,3.700000000000003,-1.1999999999999957,0.0,-0.13545674330626145,-22.68809400380163,4.786545924967656,-2.739726027397249,
Turkish Language Teaching,2024,119,184,0.0,0.0,0.0,41,699,41,4,4,3,-21.0,-33.87096774193549,-174.0,-19.931271477663227,-21.0,-33.87096774193549,0.0,0.0,0.0,0.0,0.0,0.0,373.71844,72573,68.1,40.8,0.0,1.762519999999995,-27438.0,3.1999999999999886,0.5999999999999943,0.0,0.4738518478211162,-27.434982151963283,4.930662557781185,1.492537313432818,
Turkish Language and Literature,2021,75,230,0.0,0.0,0.0,72,994,72,4,6,1,,,,,,,,,,,,,430.72524,8642,56.8,61.2,0.0,14.116179999999986,-1765.0,0.3999999999999986,2.1000000000000014,0.0,3.3883516599470864,-16.95973863745556,0.7092198581560183,3.5532994923857864,
Turkish Language and Literature,2022,80,235,5.0,6.666666666666665,2.1739130434782705,72,1627,72,5,6,2,0.0,0.0,633.0,63.68209255533199,0.0,0.0,1.0,25.0,0.0,0.0,1.0,100.0,378.48817,64201,70.1,42.4,0.0,-7.192489999999964,-6006.0,4.199999999999989,-3.3000000000000043,0.0,-1.8648822059161518,-8.554702522540492,6.3732928679817835,-7.221006564551436,
Turkish Language and Literature,2023,84,255,20.0,5.000000000000004,8.51063829787233,74,1105,74,4,9,3,2.0,2.777777777777768,-522.0,-32.08358942839582,2.0,2.777777777777768,-1.0,-19.999999999999996,3.0,50.0,1.0,50.0,330.96291,183588,69.5,27.7,0.0,-30.23948999999999,15900.0,-3.200000000000003,-9.400000000000002,0.0,-8.371896200025242,9.481894947760129,-4.4016506189821225,-25.336927223719684,
Turkish Language and Literature,2024,84,255,0.0,0.0,0.0,31,1188,31,4,9,3,-43.0,-58.10810810810811,83.0,7.511312217194566,-43.0,-58.10810810810811,0.0,0.0,0.0,0.0,0.0,0.0,399.23821,32846,50.8,54.6,0.0,13.381259999999997,-3406.0,-0.5,2.3999999999999986,0.0,3.4679328699405376,-9.395343705174886,-0.974658869395717,4.597701149425282,
Urban and Regional Planning,2021,117,267,0.0,0.0,0.0,82,688,82,7,8,12,,,,,,,,,,,,,434.52786,50478,91.7,53.7,0.0,-5.06268,-17401.0,3.700000000000003,-3.5,0.0,-1.1516808346239693,-25.635321675334055,4.20454545454545,-6.118881118881115,
Urban and Regional Planning,2022,124,307,40.0,5.982905982905984,14.981273408239693,82,1372,82,7,9,12,0.0,0.0,684.0,99.4186046511628,0.0,0.0,0.0,0.0,1.0,12.5,0.0,0.0,426.89881,10345,55.5,61.0,0.0,12.350819999999999,-1064.0,-2.0,2.200000000000003,0.0,2.979346251323034,-9.325970724866329,-3.4782608695652195,3.741496598639471,
Urban and Regional Planning,2023,137,308,1.0,10.483870967741925,0.32573289902280145,84,1302,82,7,8,9,2.0,2.4390243902439046,-70.0,-5.102040816326525,0.0,0.0,0.0,0.0,-1.0,-11.111111111111116,-3.0,-25.0,415.69199,17047,55.8,57.3,0.0,37.48719999999997,-30132.0,4.5,8.199999999999996,0.0,9.91187869407999,-63.86739863074673,8.771929824561408,16.700610997963338,
Urban and Regional Planning,2024,137,308,0.0,0.0,0.0,52,1279,52,7,8,9,-32.0,-38.095238095238095,-23.0,-1.766513056835639,-30.0,-36.58536585365854,0.0,0.0,0.0,0.0,0.0,0.0,347.35671,152538,72.2,30.8,0.0,-5.507779999999968,-30543.0,1.5,-4.4999999999999964,0.0,-1.5608768113787752,-16.682779753223986,2.121640735502117,-12.747875354107641,
